<?xml version="1.0" encoding="UTF-8"?>

<BugCollection version="3.0.1-dev-20150306-5afe4d1" sequence="1" timestamp="1455556515408" analysisTimestamp="1455556509205" release="">
  <Project projectName="CST316 JUnit given">
    <Jar>C:\CST316\WEEK5\CST316 JUnit given\classes</Jar>
    <AuxClasspathEntry>C:\CST316\WEEK5\CST316 JUnit given\classes</AuxClasspathEntry>
    <AuxClasspathEntry>C:\Users\Hieu\Downloads\eclipse-jee-mars-1-win32-x86_64\eclipse\plugins\org.junit_4.12.0.v201504281640\junit.jar</AuxClasspathEntry>
    <AuxClasspathEntry>C:\Users\Hieu\Downloads\eclipse-jee-mars-1-win32-x86_64\eclipse\plugins\org.hamcrest.core_1.3.0.v201303031735.jar</AuxClasspathEntry>
    <AuxClasspathEntry>C:\Program Files\Java\jdk1.8.0_72\jre\lib\rt.jar</AuxClasspathEntry>
    <SrcDir>C:\CST316\WEEK5\CST316 JUnit given\src</SrcDir>
    <Cloud id="edu.umd.cs.findbugs.cloud.doNothingCloud" online="false"></Cloud>
  </Project>
  <BugInstance type="SW_SWING_METHODS_INVOKED_IN_SWING_THREAD" priority="3" rank="19" abbrev="SW" category="BAD_PRACTICE" first="1">
    <Class classname="banking.gui.Main">
      <SourceLine classname="banking.gui.Main" sourcefile="Main.java" sourcepath="banking/gui/Main.java"/>
    </Class>
    <Method classname="banking.gui.Main" name="main" signature="([Ljava/lang/String;)V" isStatic="true">
      <SourceLine classname="banking.gui.Main" start="25" end="34" startBytecode="0" endBytecode="131" sourcefile="Main.java" sourcepath="banking/gui/Main.java"/>
    </Method>
    <SourceLine classname="banking.gui.Main" start="32" end="32" startBytecode="33" endBytecode="33" sourcefile="Main.java" sourcepath="banking/gui/Main.java"/>
    <SourceLine classname="banking.gui.Main" start="32" end="32" startBytecode="33" endBytecode="33" sourcefile="Main.java" sourcepath="banking/gui/Main.java"/>
  </BugInstance>
  <BugInstance type="OBL_UNSATISFIED_OBLIGATION_EXCEPTION_EDGE" priority="2" rank="20" abbrev="OBL" category="EXPERIMENTAL" first="1">
    <Class classname="banking.gui.MainFrame">
      <SourceLine classname="banking.gui.MainFrame" sourcefile="MainFrame.java" sourcepath="banking/gui/MainFrame.java"/>
    </Class>
    <Method classname="banking.gui.MainFrame" name="&lt;init&gt;" signature="(Ljava/lang/String;)V" isStatic="false">
      <SourceLine classname="banking.gui.MainFrame" start="30" end="47" startBytecode="0" endBytecode="214" sourcefile="MainFrame.java" sourcepath="banking/gui/MainFrame.java"/>
    </Method>
    <Class classname="java.io.InputStream" role="CLASS_REFTYPE">
      <SourceLine classname="java.io.InputStream" sourcefile="InputStream.java" sourcepath="java/io/InputStream.java"/>
    </Class>
    <Int value="1" role="INT_OBLIGATIONS_REMAINING"/>
    <SourceLine classname="banking.gui.MainFrame" start="39" end="39" startBytecode="32" endBytecode="32" sourcefile="MainFrame.java" sourcepath="banking/gui/MainFrame.java" role="SOURCE_LINE_OBLIGATION_CREATED"/>
    <SourceLine classname="banking.gui.MainFrame" start="40" end="40" startBytecode="36" endBytecode="36" sourcefile="MainFrame.java" sourcepath="banking/gui/MainFrame.java" role="SOURCE_LINE_PATH_CONTINUES"/>
    <SourceLine classname="banking.gui.MainFrame" start="42" end="42" startBytecode="51" endBytecode="51" sourcefile="MainFrame.java" sourcepath="banking/gui/MainFrame.java" role="SOURCE_LINE_PATH_CONTINUES"/>
    <SourceLine classname="banking.gui.MainFrame" start="43" end="43" startBytecode="52" endBytecode="52" sourcefile="MainFrame.java" sourcepath="banking/gui/MainFrame.java" role="SOURCE_LINE_PATH_CONTINUES"/>
    <SourceLine classname="banking.gui.MainFrame" start="44" end="44" startBytecode="56" endBytecode="56" sourcefile="MainFrame.java" sourcepath="banking/gui/MainFrame.java" role="SOURCE_LINE_PATH_CONTINUES"/>
    <String value="{InputStream x 1}" role="STRING_REMAINING_OBLIGATIONS"/>
  </BugInstance>
  <BugInstance type="OS_OPEN_STREAM_EXCEPTION_PATH" priority="3" rank="19" abbrev="OS" category="BAD_PRACTICE" first="1">
    <Class classname="banking.gui.MainFrame">
      <SourceLine classname="banking.gui.MainFrame" sourcefile="MainFrame.java" sourcepath="banking/gui/MainFrame.java"/>
    </Class>
    <Method classname="banking.gui.MainFrame" name="&lt;init&gt;" signature="(Ljava/lang/String;)V" isStatic="false">
      <SourceLine classname="banking.gui.MainFrame" start="30" end="47" startBytecode="0" endBytecode="32" sourcefile="MainFrame.java" sourcepath="banking/gui/MainFrame.java"/>
    </Method>
    <Type descriptor="Ljava/io/InputStream;" role="TYPE_CLOSEIT">
      <SourceLine classname="java.io.InputStream" start="45" end="364" sourcefile="InputStream.java" sourcepath="java/io/InputStream.java"/>
    </Type>
    <SourceLine classname="banking.gui.MainFrame" start="39" end="39" startBytecode="27" endBytecode="27" sourcefile="MainFrame.java" sourcepath="banking/gui/MainFrame.java"/>
    <SourceLine classname="banking.gui.MainFrame" start="39" end="39" startBytecode="27" endBytecode="27" sourcefile="MainFrame.java" sourcepath="banking/gui/MainFrame.java"/>
  </BugInstance>
  <BugInstance type="LI_LAZY_INIT_STATIC" priority="3" rank="17" abbrev="LI" category="MT_CORRECTNESS" first="1">
    <Class classname="banking.primitive.core.AccountServerFactory">
      <SourceLine classname="banking.primitive.core.AccountServerFactory" sourcefile="AccountServerFactory.java" sourcepath="banking/primitive/core/AccountServerFactory.java"/>
    </Class>
    <Method classname="banking.primitive.core.AccountServerFactory" name="getMe" signature="()Lbanking/primitive/core/AccountServerFactory;" isStatic="true">
      <SourceLine classname="banking.primitive.core.AccountServerFactory" start="13" end="17" startBytecode="0" endBytecode="7" sourcefile="AccountServerFactory.java" sourcepath="banking/primitive/core/AccountServerFactory.java"/>
    </Method>
    <Field classname="banking.primitive.core.AccountServerFactory" name="singleton" signature="Lbanking/primitive/core/AccountServerFactory;" isStatic="true" role="FIELD_ON">
      <SourceLine classname="banking.primitive.core.AccountServerFactory" sourcefile="AccountServerFactory.java" sourcepath="banking/primitive/core/AccountServerFactory.java"/>
    </Field>
    <SourceLine classname="banking.primitive.core.AccountServerFactory" start="13" end="14" startBytecode="0" endBytecode="13" sourcefile="AccountServerFactory.java" sourcepath="banking/primitive/core/AccountServerFactory.java"/>
  </BugInstance>
  <BugInstance type="MS_PKGPROTECT" priority="2" rank="18" abbrev="MS" category="MALICIOUS_CODE" first="1">
    <Class classname="banking.primitive.core.AccountServerFactory">
      <SourceLine classname="banking.primitive.core.AccountServerFactory" sourcefile="AccountServerFactory.java" sourcepath="banking/primitive/core/AccountServerFactory.java"/>
    </Class>
    <Field classname="banking.primitive.core.AccountServerFactory" name="singleton" signature="Lbanking/primitive/core/AccountServerFactory;" isStatic="true">
      <SourceLine classname="banking.primitive.core.AccountServerFactory" sourcefile="AccountServerFactory.java" sourcepath="banking/primitive/core/AccountServerFactory.java"/>
    </Field>
    <SourceLine classname="banking.primitive.core.AccountServerFactory" start="6" end="6" startBytecode="1" endBytecode="1" sourcefile="AccountServerFactory.java" sourcepath="banking/primitive/core/AccountServerFactory.java"/>
  </BugInstance>
  <BugInstance type="GC_UNRELATED_TYPES" priority="1" rank="1" abbrev="GC" category="CORRECTNESS" first="1">
    <Class classname="banking.primitive.core.ServerSolution">
      <SourceLine classname="banking.primitive.core.ServerSolution" sourcefile="ServerSolution.java" sourcepath="banking/primitive/core/ServerSolution.java"/>
    </Class>
    <Method classname="banking.primitive.core.ServerSolution" name="saveAccounts" signature="()V" isStatic="false">
      <SourceLine classname="banking.primitive.core.ServerSolution" start="110" end="136" startBytecode="0" endBytecode="66" sourcefile="ServerSolution.java" sourcepath="banking/primitive/core/ServerSolution.java"/>
    </Method>
    <Type descriptor="Ljava/lang/Integer;" role="TYPE_FOUND">
      <SourceLine classname="java.lang.Integer" start="52" end="1590" sourcefile="Integer.java" sourcepath="java/lang/Integer.java"/>
    </Type>
    <Type descriptor="Ljava/lang/String;" role="TYPE_EXPECTED">
      <SourceLine classname="java.lang.String" start="111" end="3141" sourcefile="String.java" sourcepath="java/lang/String.java"/>
    </Type>
    <Method classname="java.util.Map" name="get" signature="(Ljava/lang/Object;)Ljava/lang/Object;" isStatic="false" role="METHOD_CALLED">
      <SourceLine classname="java.util.Map" sourcefile="Map.java" sourcepath="java/util/Map.java"/>
    </Method>
    <Field classname="banking.primitive.core.ServerSolution" name="accountMap" signature="Ljava/util/Map;" sourceSignature="Ljava/util/Map&lt;Ljava/lang/String;Lbanking/primitive/core/Account;&gt;;" isStatic="false" role="FIELD_INVOKED_ON">
      <SourceLine classname="banking.primitive.core.ServerSolution" sourcefile="ServerSolution.java" sourcepath="banking/primitive/core/ServerSolution.java"/>
    </Field>
    <Method classname="java.lang.Integer" name="equals" signature="(Ljava/lang/Object;)Z" isStatic="false" role="METHOD_EQUALS_USED">
      <SourceLine classname="java.lang.Integer" start="974" end="977" startBytecode="0" endBytecode="72" sourcefile="Integer.java" sourcepath="java/lang/Integer.java"/>
    </Method>
    <SourceLine classname="banking.primitive.core.ServerSolution" start="117" end="117" startBytecode="50" endBytecode="50" sourcefile="ServerSolution.java" sourcepath="banking/primitive/core/ServerSolution.java"/>
    <SourceLine classname="banking.primitive.core.ServerSolution" start="117" end="117" startBytecode="50" endBytecode="50" sourcefile="ServerSolution.java" sourcepath="banking/primitive/core/ServerSolution.java"/>
  </BugInstance>
  <BugInstance type="REC_CATCH_EXCEPTION" priority="3" rank="20" abbrev="REC" category="STYLE" first="1">
    <Class classname="banking.primitive.core.ServerSolution">
      <SourceLine classname="banking.primitive.core.ServerSolution" sourcefile="ServerSolution.java" sourcepath="banking/primitive/core/ServerSolution.java"/>
    </Class>
    <Method classname="banking.primitive.core.ServerSolution" name="&lt;init&gt;" signature="()V" isStatic="false">
      <SourceLine classname="banking.primitive.core.ServerSolution" start="17" end="47" startBytecode="0" endBytecode="642" sourcefile="ServerSolution.java" sourcepath="banking/primitive/core/ServerSolution.java"/>
    </Method>
    <SourceLine classname="banking.primitive.core.ServerSolution" start="35" end="35" startBytecode="149" endBytecode="149" sourcefile="ServerSolution.java" sourcepath="banking/primitive/core/ServerSolution.java"/>
    <SourceLine classname="banking.primitive.core.ServerSolution" start="35" end="35" startBytecode="149" endBytecode="149" sourcefile="ServerSolution.java" sourcepath="banking/primitive/core/ServerSolution.java"/>
  </BugInstance>
  <BugInstance type="REC_CATCH_EXCEPTION" priority="3" rank="20" abbrev="REC" category="STYLE" first="1">
    <Class classname="banking.primitive.core.ServerSolution">
      <SourceLine classname="banking.primitive.core.ServerSolution" sourcefile="ServerSolution.java" sourcepath="banking/primitive/core/ServerSolution.java"/>
    </Class>
    <Method classname="banking.primitive.core.ServerSolution" name="saveAccounts" signature="()V" isStatic="false">
      <SourceLine classname="banking.primitive.core.ServerSolution" start="110" end="136" startBytecode="0" endBytecode="434" sourcefile="ServerSolution.java" sourcepath="banking/primitive/core/ServerSolution.java"/>
    </Method>
    <SourceLine classname="banking.primitive.core.ServerSolution" start="120" end="120" startBytecode="77" endBytecode="77" sourcefile="ServerSolution.java" sourcepath="banking/primitive/core/ServerSolution.java"/>
    <SourceLine classname="banking.primitive.core.ServerSolution" start="120" end="120" startBytecode="77" endBytecode="77" sourcefile="ServerSolution.java" sourcepath="banking/primitive/core/ServerSolution.java"/>
  </BugInstance>
  <Errors errors="0" missingClasses="0"></Errors>
  <FindBugsSummary timestamp="Mon, 15 Feb 2016 00:12:15 -0800" total_classes="16" referenced_classes="309" total_bugs="8" total_size="416" num_packages="2" java_version="1.8.0_72" vm_version="25.72-b15" cpu_seconds="35.34" clock_seconds="254.77" peak_mbytes="693.70" alloc_mbytes="910.50" gc_seconds="4.06" priority_3="5" priority_2="2" priority_1="1">
    <PackageStats package="banking.gui" total_bugs="3" total_types="8" total_size="158" priority_3="2" priority_2="1">
      <ClassStats class="banking.gui.Main" sourceFile="Main.java" interface="false" size="12" bugs="1" priority_3="1"/>
      <ClassStats class="banking.gui.MainFrame" sourceFile="MainFrame.java" interface="false" size="74" bugs="2" priority_3="1" priority_2="1"/>
      <ClassStats class="banking.gui.MainFrame$DepositHandler" sourceFile="MainFrame.java" interface="false" size="13" bugs="0"/>
      <ClassStats class="banking.gui.MainFrame$DisplayHandler" sourceFile="MainFrame.java" interface="false" size="17" bugs="0"/>
      <ClassStats class="banking.gui.MainFrame$FrameHandler" sourceFile="MainFrame.java" interface="false" size="6" bugs="0"/>
      <ClassStats class="banking.gui.MainFrame$NewAccountHandler" sourceFile="MainFrame.java" interface="false" size="13" bugs="0"/>
      <ClassStats class="banking.gui.MainFrame$SaveAccountsHandler" sourceFile="MainFrame.java" interface="false" size="10" bugs="0"/>
      <ClassStats class="banking.gui.MainFrame$WithdrawHandler" sourceFile="MainFrame.java" interface="false" size="13" bugs="0"/>
    </PackageStats>
    <PackageStats package="banking.primitive.core" total_bugs="5" total_types="8" total_size="258" priority_3="3" priority_2="1" priority_1="1">
      <ClassStats class="banking.primitive.core.Account" sourceFile="Account.java" interface="false" size="30" bugs="0"/>
      <ClassStats class="banking.primitive.core.Account$State" sourceFile="Account.java" interface="false" size="12" bugs="0"/>
      <ClassStats class="banking.primitive.core.AccountServer" sourceFile="AccountServer.java" interface="true" size="7" bugs="0"/>
      <ClassStats class="banking.primitive.core.AccountServerFactory" sourceFile="AccountServerFactory.java" interface="false" size="13" bugs="2" priority_3="1" priority_2="1"/>
      <ClassStats class="banking.primitive.core.AccountServerTest" sourceFile="AccountServerTest.java" interface="false" size="52" bugs="0"/>
      <ClassStats class="banking.primitive.core.Checking" sourceFile="Checking.java" interface="false" size="35" bugs="0"/>
      <ClassStats class="banking.primitive.core.Savings" sourceFile="Savings.java" interface="false" size="30" bugs="0"/>
      <ClassStats class="banking.primitive.core.ServerSolution" sourceFile="ServerSolution.java" interface="false" size="79" bugs="3" priority_3="2" priority_1="1"/>
    </PackageStats>
    <FindBugsProfile>
      <ClassProfile name="edu.umd.cs.findbugs.classfile.engine.ClassInfoAnalysisEngine" totalMilliseconds="1138" invocations="1504" avgMicrosecondsPerInvocation="757" maxMicrosecondsPerInvocation="17757" standardDeviationMircosecondsPerInvocation="1385"/>
      <ClassProfile name="edu.umd.cs.findbugs.detect.FindNoSideEffectMethods" totalMilliseconds="731" invocations="309" avgMicrosecondsPerInvocation="2367" maxMicrosecondsPerInvocation="85737" standardDeviationMircosecondsPerInvocation="6425"/>
      <ClassProfile name="edu.umd.cs.findbugs.detect.FieldItemSummary" totalMilliseconds="586" invocations="309" avgMicrosecondsPerInvocation="1898" maxMicrosecondsPerInvocation="33520" standardDeviationMircosecondsPerInvocation="3540"/>
      <ClassProfile name="edu.umd.cs.findbugs.classfile.engine.ClassDataAnalysisEngine" totalMilliseconds="471" invocations="1507" avgMicrosecondsPerInvocation="312" maxMicrosecondsPerInvocation="3542" standardDeviationMircosecondsPerInvocation="186"/>
      <ClassProfile name="de.tobject.findbugs.builder.FindBugs2Eclipse" totalMilliseconds="444" invocations="2" avgMicrosecondsPerInvocation="222408" maxMicrosecondsPerInvocation="243941" standardDeviationMircosecondsPerInvocation="21533"/>
      <ClassProfile name="edu.umd.cs.findbugs.OpcodeStack$JumpInfoFactory" totalMilliseconds="329" invocations="706" avgMicrosecondsPerInvocation="466" maxMicrosecondsPerInvocation="7325" standardDeviationMircosecondsPerInvocation="552"/>
      <ClassProfile name="edu.umd.cs.findbugs.detect.NoteDirectlyRelevantTypeQualifiers" totalMilliseconds="143" invocations="309" avgMicrosecondsPerInvocation="464" maxMicrosecondsPerInvocation="9243" standardDeviationMircosecondsPerInvocation="824"/>
      <ClassProfile name="edu.umd.cs.findbugs.detect.ExplicitSerialization" totalMilliseconds="129" invocations="309" avgMicrosecondsPerInvocation="420" maxMicrosecondsPerInvocation="32269" standardDeviationMircosecondsPerInvocation="2422"/>
      <ClassProfile name="edu.umd.cs.findbugs.classfile.engine.bcel.UnconditionalValueDerefDataflowFactory" totalMilliseconds="128" invocations="62" avgMicrosecondsPerInvocation="2070" maxMicrosecondsPerInvocation="72279" standardDeviationMircosecondsPerInvocation="9069"/>
      <ClassProfile name="edu.umd.cs.findbugs.detect.FunctionsThatMightBeMistakenForProcedures" totalMilliseconds="122" invocations="309" avgMicrosecondsPerInvocation="395" maxMicrosecondsPerInvocation="5733" standardDeviationMircosecondsPerInvocation="699"/>
      <ClassProfile name="edu.umd.cs.findbugs.detect.BuildObligationPolicyDatabase" totalMilliseconds="117" invocations="309" avgMicrosecondsPerInvocation="379" maxMicrosecondsPerInvocation="3948" standardDeviationMircosecondsPerInvocation="526"/>
      <ClassProfile name="edu.umd.cs.findbugs.detect.OverridingEqualsNotSymmetrical" totalMilliseconds="116" invocations="309" avgMicrosecondsPerInvocation="376" maxMicrosecondsPerInvocation="6140" standardDeviationMircosecondsPerInvocation="657"/>
      <ClassProfile name="edu.umd.cs.findbugs.util.TopologicalSort" totalMilliseconds="113" invocations="1458" avgMicrosecondsPerInvocation="77" maxMicrosecondsPerInvocation="2473" standardDeviationMircosecondsPerInvocation="117"/>
      <ClassProfile name="edu.umd.cs.findbugs.classfile.engine.bcel.ValueNumberDataflowFactory" totalMilliseconds="100" invocations="65" avgMicrosecondsPerInvocation="1546" maxMicrosecondsPerInvocation="18600" standardDeviationMircosecondsPerInvocation="3093"/>
    </FindBugsProfile>
  </FindBugsSummary>
  <ClassFeatures></ClassFeatures>
  <History>
    <AppVersion sequence="0" timestamp="1455556515407" release="" codeSize="0" numClasses="0"/>
  </History>
</BugCollection>
