<?xml version="1.0" encoding="UTF-8"?>
<!DOCTYPE module PUBLIC "-//Puppy Crawl//DTD Check Configuration 1.3//EN" "http://www.puppycrawl.com/dtds/configuration_1_3.dtd">

<!--
    This configuration file was written by the eclipse-cs plugin configuration editor
-->
<!--
    Checkstyle-Configuration: CST316 Extension of Google Checks
    Description: 
Checkstyle configurartion that checks the Google coding conventions (https://google-styleguide.googlecode.com/svn-history/r130/trunk/javaguide.html).
-->
<module name="Checker">
  <property name="severity" value="error"/>
  <property name="charset" value="UTF-8"/>
  <property name="fileExtensions" value="java, properties, xml"/>
  <module name="TreeWalker">
    <module name="OuterTypeFilename"/>
    <module name="IllegalTokenText">
      <property name="tokens" value="STRING_LITERAL, CHAR_LITERAL"/>
      <property name="format" value="\\u00(08|09|0(a|A)|0(c|C)|0(d|D)|22|27|5(C|c))|\\(0(10|11|12|14|15|42|47)|134)"/>
      <property name="message" value="Avoid using corresponding octal or Unicode escape."/>
    </module>
    <module name="AvoidEscapedUnicodeCharacters">
      <property name="allowEscapesForControlCharacters" value="true"/>
      <property name="allowByTailComment" value="true"/>
      <property name="allowNonPrintableEscapes" value="true"/>
    </module>
    <module name="LineLength">
      <property name="ignorePattern" value="^package.*|^import.*|a href|href|http://|https://|ftp://"/>
      <property name="max" value="100"/>
    </module>
    <module name="NoLineWrap"/>
    <module name="EmptyBlock">
      <property name="option" value="TEXT"/>
      <property name="tokens" value="LITERAL_TRY, LITERAL_FINALLY, LITERAL_IF, LITERAL_ELSE, LITERAL_SWITCH"/>
    </module>
    <module name="NeedBraces"/>
    <module name="LeftCurly">
      <property name="maxLineLength" value="100"/>
    </module>
    <module name="RightCurly"/>
    <module name="RightCurly">
      <property name="option" value="alone"/>
      <property name="tokens" value="CLASS_DEF, METHOD_DEF, CTOR_DEF, LITERAL_FOR, LITERAL_WHILE, LITERAL_DO, STATIC_INIT, INSTANCE_INIT"/>
    </module>
    <module name="OneStatementPerLine"/>
    <module name="MultipleVariableDeclarations"/>
    <module name="MissingSwitchDefault"/>
    <module name="PackageName">
      <property name="format" value="^[a-z]+(\.[a-z][a-z0-9]*)*$"/>
      <message key="name.invalidPattern" value="Package name ''{0}'' must match pattern ''{1}''."/>
    </module>
    <module name="TypeName">
      <message key="name.invalidPattern" value="Type name ''{0}'' must match pattern ''{1}''."/>
    </module>
    <module name="MemberName">
      <property name="format" value="^[a-z][a-z0-9][a-zA-Z0-9]*$"/>
      <message key="name.invalidPattern" value="Member name ''{0}'' must match pattern ''{1}''."/>
    </module>
    <module name="ParameterName">
      <property name="format" value="^[a-z][a-z0-9][a-zA-Z0-9]*$"/>
      <message key="name.invalidPattern" value="Parameter name ''{0}'' must match pattern ''{1}''."/>
    </module>
    <module name="LocalVariableName">
      <property name="format" value="^[a-z][a-z0-9][a-zA-Z0-9]*$"/>
      <property name="allowOneCharVarInForLoop" value="true"/>
      <property name="tokens" value="VARIABLE_DEF"/>
      <message key="name.invalidPattern" value="Local variable name ''{0}'' must match pattern ''{1}''."/>
    </module>
    <module name="ClassTypeParameterName">
      <property name="format" value="(^[A-Z][0-9]?)$|([A-Z][a-zA-Z0-9]*[T]$)"/>
      <message key="name.invalidPattern" value="Class type name ''{0}'' must match pattern ''{1}''."/>
    </module>
    <module name="MethodTypeParameterName">
      <property name="format" value="(^[A-Z][0-9]?)$|([A-Z][a-zA-Z0-9]*[T]$)"/>
      <message key="name.invalidPattern" value="Method type name ''{0}'' must match pattern ''{1}''."/>
    </module>
    <module name="GenericWhitespace">
      <message key="ws.notPreceded" value="GenericWhitespace ''{0}'' is not preceded with whitespace."/>
      <message key="ws.followed" value="GenericWhitespace ''{0}'' is followed by whitespace."/>
      <message key="ws.preceded" value="GenericWhitespace ''{0}'' is preceded with whitespace."/>
      <message key="ws.illegalFollow" value="GenericWhitespace ''{0}'' should followed by whitespace."/>
    </module>
    <module name="AbbreviationAsWordInName">
      <property name="allowedAbbreviationLength" value="1"/>
      <property name="ignoreFinal" value="false"/>
    </module>
    <module name="OperatorWrap">
      <property name="option" value="NL"/>
      <property name="tokens" value="BAND, BOR, BSR, BXOR, DIV, EQUAL, GE, GT, LAND, LE, LITERAL_INSTANCEOF, LOR, LT, MINUS, MOD, NOT_EQUAL, PLUS, QUESTION, SL, SR, STAR "/>
    </module>
    <module name="SummaryJavadocCheck"/>
    <module name="MethodName">
      <property name="format" value="^[a-z][a-z0-9][a-zA-Z0-9_]*$"/>
      <message key="name.invalidPattern" value="Method name ''{0}'' must match pattern ''{1}''."/>
    </module>
    <module name="EmptyCatchBlock">
      <property name="exceptionVariableName" value="expected"/>
    </module>
    <module name="CommentsIndentation"/>
    <module name="AbstractClassName"/>
    <module name="ClassTypeParameterName"/>
    <module name="ConstantName"/>
    <module name="LocalFinalVariableName"/>
    <module name="LocalVariableName"/>
    <module name="MemberName"/>
    <module name="StaticVariableName"/>
    <module name="TypeName"/>
    <module name="AbbreviationAsWordInName"/>
    <module name="CatchParameterName"/>
    <module name="InterfaceTypeParameterName"/>
    <module name="EmptyForInitializerPad"/>
    <module name="EmptyForIteratorPad"/>
    <module name="OperatorWrap"/>
    <module name="TypecastParenPad">
      <property name="tokens" value="RPAREN,TYPECAST"/>
    </module>
    <module name="SeparatorWrap"/>
    <module name="AvoidNestedBlocks"/>
    <module name="DefaultComesLast"/>
    <module name="DeclarationOrder"/>
    <module name="EmptyStatement"/>
    <module name="TodoComment"/>
    <module name="UpperEll"/>
    <module name="RedundantModifier"/>
  </module>
</module>
